"cast_id","first_name","last_name"
284,"Leonardo","DiCaprio"
285,"Joseph","Gordon-Levitt"
286,"Ellen","Page"
287,"Tom","Hardy"
288,"Ken","Watanabe"
289,"Christian","Bale"
290,"Heath","Ledger"
291,"Aaron","Eckhart"
292,"Maggie","Gyllenhaal"
293,"Gary","Oldman"
294,"Keanu","Reeves"
295,"Laurence","Fishburne"
296,"Carrie-Anne","Moss"
297,"Hugo","Weaving"
298,"Bryan","Cranston"
299,"Aaron","Paul"
300,"Anna","Gunn"
301,"Dean","Norris"
302,"RJ","Mitte"
303,"Winona","Ryder"
304,"David","Harbour"
305,"Finn","Wolfhard"
306,"Millie Bobby","Brown"
307,"Gaten","Matarazzo"
308,"Claire","Foy"
309,"Olivia","Colman"
310,"Matt","Smith"
311,"Vanessa","Kerr"
312,"John","Lithgow"
313,"Henry","Cavill"
314,"Freya","Allan"
315,"Anya","Chalotra"
316,"Joey","Batey"
317,"Tim","Robbins"
319,"Bob","Gunton"
320,"William","Sadler"
321,"John","Travolta"
322,"Uma","Thurman"
323,"Samuel","L. Jackson"
324,"Bruce","Willis"
325,"Harvey","Keitel"
326,"Tom","Hanks"
328,"Gary","Sinise"
329,"Mykelti","Williamson"
330,"Marlon","Brando"
332,"James","Caan"
333,"Richard","S. Castellano"
334,"Robert","De Niro"
335,"Diane","Keaton"
337,"Matthew","McConaughey"
338,"Anne","Hathaway"
339,"Jessica","Chastain"
340,"Michael","Caine"
341,"Jesse","Eisenberg"
342,"Andrew","Garfield"
343,"Justin","Timberlake"
344,"Armie","Hammer"
345,"Song","Kang-ho"
346,"Lee","Sun-kyun"
347,"Cho","Yeo-jeong"
348,"Choi","Woo-sik"
349,"Andrew","Lincoln"
350,"Jon","Bernthal"
351,"Norman","Reedus"
352,"Chandler","Riggs"
353,"Kevin","Spacey"
354,"Michael","Kelly"
355,"Kate","Mara"
356,"Wagner","Moura"
357,"Pedro","Pascal"
358,"Boyd","Holbrook"
359,"Paulina","Gaitan"
360,"Jodie","Foster"
361,"Anthony","Hopkins"
362,"Scott","Glenn"
363,"Ted","Levine"
364,"Will","Poulter"
365,"Domhnall","Gleeson"
367,"Gwyneth","Paltrow"
368,"Jack","Nicholson"
369,"Shelley","Duvall"
370,"Danny","Lloyd"
371,"Scatman","Crothers"
372,"Edward","Norton"
373,"Helena","Bonham Carter"
374,"Meat","Loaf"
375,"Roy","Scheider"
376,"Richard","Dreyfuss"
377,"Lorraine","Gary"
378,"Kate","Winslet"
379,"Billy","Zane"
380,"Danny","Nucci"
381,"Will","Smith"
382,"Jaden","Smith"
383,"Thandie","Newton"
384,"Brian","Howe"
385,"Russell","Crowe"
386,"Joaquin","Phoenix"
387,"Connie","Nielsen"
388,"Oliver","Reed"
389,"Ben","Stiller"
390,"Kristen","Wiig"
391,"Sean","Penn"
392,"Shirley","MacLaine"
393,"Carey","Mulligan"
394,"Tobey","Maguire"
395,"Joel","Edgerton"
396,"François","Cluzet"
397,"Omar","Sy"
398,"Audrey","Fleurot"
399,"Anne","Le Ny"
400,"Christoph","Waltz"
401,"Diane","Kruger"
402,"Eli","Roth"
403,"Bradley","Cooper"
404,"Ed","Helms"
405,"Zach","Galifianakis"
406,"Justin","Bartha"
407,"Laura","Linney"
408,"Noah","Emmerich"
409,"Cary","Elwes"
411,"Mandy","Patinkin"
412,"Chris","Sarandon"
413,"Morena","Baccarin"
414,"T.J.","Miller"
415,"Ed","Skrein"
416,"Mark","Ruffalo"
417,"Michelle","Williams"
418,"Patrick","Wilson"
419,"Vera","Farmiga"
420,"Lili","Taylor"
421,"Ron","Livingston"
422,"Emily","Blunt"
423,"John","Krasinski"
424,"Millicent","Simmonds"
425,"Noah","Jupe"
426,"Ginnifer","Goodwin"
427,"Jason","Bateman"
428,"Idris","Elba"
429,"Shakira","Shakira"
430,"Auli","Cravalho"
431,"Dwayne","Johnson"
432,"Rachel","House"
433,"Temuera","Morrison"
434,"Anthony","Gonzalez"
435,"Gael","García Bernal"
436,"Benjamin","Bratt"
437,"Renee","Victor"
438,"Amy","Poehler"
439,"Phyllis","Smith"
440,"Bill","Hader"
441,"Mindy","Kaling"
442,"Matthew","Broderick"
443,"James","Earl Jones"
444,"Jeremy","Irons"
445,"Moira","Kelly"
446,"Neel","Sethi"
447,"Bill","Murray"
448,"Scarlett","Johansson"
450,"Andy","Garcia"
452,"Ryan","Potter"
453,"Scott","Adsit"
454,"Jamie","Chung"
455,"Damon","Wayans Jr."
456,"Kerry","Washington"
507,"Phoebe","Waller-Bridge"
508,"Trấn","Thành"
509,"Lê","Giang"
510,"Hữu","Châu"
511,"La","Thành"
512,"Ngô","Thanh Vân"
513,"Phan","Thanh Nhiên"
514,"Kiều","Minh Tuấn"
515,"Đức","Thịnh"
516,"Ninh Dương","Lan Ngọc"
517,"BB","Trần"
518,"Quang","Trung"
519,"Lê","Hạ Anh"
520,"Mai Tài","Phến"
521,"Hồng","Ánh"
522,"Hoàng","Oanh"
523,"Trúc","Anh"
524,"Tố","Uyến"
525,"Đình","Hiếu"
526,"Hứa","Vĩ Văn"
527,"Trung","Dũng"
528,"Lý","Hải"
529,"Minh","Hằng"
530,"Diễm","My"
531,"Võ","Thành Tâm"
532,"Hồng","Vân"
533,"Kaity","Nguyễn"
534,"Liên Bỉnh","Phát"
535,"Ngọc","Thanh Tâm"
536,"Thái","Hòa"
537,"Lê","Công Tuấn Anh"
538,"Minh"," Châu"
539,"Bảo","Thanh"
540,"Quang","Anh"
541,"Cao","Thái Hà"
542,"Ngọc","Lan"
543,"Mạnh","Trường"
544,"Phương","Oanh"
545,"Hồng","Đăng"
